Tarifit (Izran),Normalized,Freq,Categorie,Voorbeeld (Tarifit),Vertaling-hint (NL),Vers#,→ TOEVOEGEN? (ja / nee / variant),Nederlands,Niveau (A1-C2),Woordsoort
=== SECTIE 1: FUNCTIEWOORDEN die ontbreken in woordenlijst ===
"(Aanbeveling: ja, ze zijn allemaal A1-B1 niveau)"
alla,alla,—,FUNC-WOORD (ontbreekt),zie Izran-tekst,Heer/God (aanroep),—,,Heer/God,A1,
as,as,—,FUNC-WOORD (ontbreekt),zie Izran-tekst,hem/haar/eraan (IO),—,,hem/haar/eraan,A1,
ayi,ayi,—,FUNC-WOORD (ontbreekt),zie Izran-tekst,mij (post-verbaal),—,,mij,A1,
bismilla,bismilla,—,FUNC-WOORD (ontbreekt),zie Izran-tekst,Bismillah (Arabisch),—,,Bismillah,A1,
bu,bu,—,FUNC-WOORD (ontbreekt),zie Izran-tekst,ontk.partikel,—,,ontk.partikel,A1,
ca,ca,—,FUNC-WOORD (ontbreekt),zie Izran-tekst,ontk.-suffix,—,,ontk.-suffix,A1,
dayi,dayi,—,FUNC-WOORD (ontbreekt),zie Izran-tekst,aan mij (pre-verbaal),—,,aan mij,A1,
dd,dd,—,FUNC-WOORD (ontbreekt),zie Izran-tekst,venitief partikel (naar hier),—,,venitief partikel,A1,
id,id,—,FUNC-WOORD (ontbreekt),zie Izran-tekst,directioneel (pre-verbaal d),—,,directioneel,A1,
idd,idd,—,FUNC-WOORD (ontbreekt),zie Izran-tekst,venitief na DO,—,,venitief na DO,A1,
llif,llif,—,FUNC-WOORD (ontbreekt),zie Izran-tekst,lief/geliefde,—,,lief/geliefde,A1,
min,min,—,FUNC-WOORD (ontbreekt),zie Izran-tekst,wie/wat (relatief pronomen),—,,wie/wat,A1,
nebda,nebda,—,FUNC-WOORD (ontbreekt),zie Izran-tekst,altijd/ooit,—,,altijd/ooit,A1,
nnec,nnec,—,FUNC-WOORD (ontbreekt),zie Izran-tekst,jouw (bez.suffix),—,,jouw,A1,
nnem,nnem,—,FUNC-WOORD (ontbreekt),zie Izran-tekst,jouw (v.) (bez.suffix),—,,jouw,A1,
nnes,nnes,—,FUNC-WOORD (ontbreekt),zie Izran-tekst,zijn/haar (bezittelijk suffix),—,,zijn/haar,A1,
nneɣ,nneɣ,—,FUNC-WOORD (ontbreekt),zie Izran-tekst,ons (bez.suffix),—,,ons,A1,
nniɣ,nniɣ,—,FUNC-WOORD (ontbreekt),zie Izran-tekst,ik zei (van ini),—,,ik zei,A1,
nnsen,nnsen,—,FUNC-WOORD (ontbreekt),zie Izran-tekst,hun (bez.suffix),—,,hun,A1,
sen,sen,—,FUNC-WOORD (ontbreekt),zie Izran-tekst,hen (IO),—,,hen,A1,
ten,ten,—,FUNC-WOORD (ontbreekt),zie Izran-tekst,hen (DO),—,,hen,A1,
tenna,tenna,—,FUNC-WOORD (ontbreekt),zie Izran-tekst,zij zei (van ini),—,,zij zei,A1,
tt,tt,—,FUNC-WOORD (ontbreekt),zie Izran-tekst,het/haar (clitic),—,,het/haar,A1,
ura,ura,—,FUNC-WOORD (ontbreekt),zie Izran-tekst,noch/niet,—,,noch/niet,A1,
waa,waa,—,FUNC-WOORD (ontbreekt),zie Izran-tekst,ontkenning (niet),—,,ontkenning,A1,
war,war,—,FUNC-WOORD (ontbreekt),zie Izran-tekst,ontkenning (niet),—,,ontkenning,A1,
waxxa,waxxa,—,FUNC-WOORD (ontbreekt),zie Izran-tekst,hoewel/ondanks,—,,hoewel/ondanks,A1,
wuř,wuř,—,FUNC-WOORD (ontbreekt),zie Izran-tekst,hart (verbonden staat van uř),—,,hart,A1,
xad,xad,—,FUNC-WOORD (ontbreekt),zie Izran-tekst,nadrukspartikel,—,,nadrukspartikel,A1,
ya,ya,—,FUNC-WOORD (ontbreekt),zie Izran-tekst,modaal partikel,—,,modaal partikel,A1,
yenna,yenna,—,FUNC-WOORD (ontbreekt),zie Izran-tekst,hij zei (van ini),—,,hij zei,A1,
řalla,řalla,—,FUNC-WOORD (ontbreekt),zie Izran-tekst,Heer/God (aanroep),—,,Heer/God,A1,

"=== SECTIE 2: LEXICALE KANDIDATEN (freq>=2, len>=4, niet vervoegd) ==="
(Sorteer op Freq om prioriteit te bepalen)
leɛziz,leɛziz,11,ONBEKEND,wi ɣa iraḥen aliman a leɛziz a cem yejj?,"O mijn haren die worden meegenomen in de broekzakken,","10,14,15,16,17",,,,
dayes,dayes,10,ONBEKEND,yenna yi weḍbib d lḥubb i dayes.,"Hij wandelde langs de autoweg,","2,6,22,28,37",,,,
yewdan,yewdan,10,ONBEKEND,weḷḷah war t isedɛef ɣar wawař n yewdan.,"Ik heb van je gedroomd met je witte jurk,","3,8,34,37,40",,,,
cenna,cenna,10,ONBEKEND,"Ɛellal n bumedyen cenna mařa yexdem,","Allal zoon van Boumdian, hij verdient het te werken,","31,32,34,41,44",,,,
degg,degg,9,ONBEKEND,kuřci degg ufus nnem ttu y ayi niɣ fekkar ayi.,"Ik heb van je gedroomd met je witte jurk,","3,6,7,8,21",,,,
xafi,xafi,9,ONBEKEND,Ssenseɣ di baṛṛa iccat xafi wenẓar.,"Mijn hart verlangde naar je en ik had het niet kunnen dromen,","4,7,11,12,13",,,,
taddart,taddart,9,ONBEKEND,"A taddart tameqqrant war dji qqaren t i řeswaṛ,","Mijn hart verlangde naar je en ik had het niet kunnen dromen,","4,9,15,21,42",,,,
aṛebbi,aṛebbi,9,ONBEKEND,"Ddɛiɣ cem ɣar aṛebbi rami dayi tenkaṛed,","Houd op met huilen, niemand gelooft je,","5,6,13,22,30",,,,
maṛṛa,maṛṛa,9,ONBEKEND,mami ad tesřed i maṛṛa min iqqar wuř inu.,"Als je een jurk om mijn lijf was,","13,25,31,32,35",,,,
nnwaṛ,nnwaṛ,9,ONBEKEND,"Mami leɛziz inu a nnwaṛ n ṭumaɛtic,","O Duitsland dat omringd wordt door prikkeldraad,","18,21,32,34,35",,,,
nnan,nnan,8,ONBEKEND,"Nnan as idɛef isdeɛf it arrenḍan,","Ik heb van je gedroomd met je witte jurk,","3,9,18,21,25",,,,
iwdan,iwdan,8,ONBEKEND,iwdan ssawařen di ddat inu tesřiɣ.,"Ik kan de slaap niet vatten, ben verslaafd aan cocaїne,","7,21,37,46,47",,,,
tennid,tennid,7,ONBEKEND,"Cekk tennid řɛib necc ugiɣ a t iniɣ,","Ik heb van je gedroomd met je witte jurk,","3,11,17,28,29",,,,
ṛebbi,ṛebbi,7,ONBEKEND,mařa teɣḍared ayi ṛebbi d aḥsib nnem.,"Mijn hart verlangde naar je en ik had het niet kunnen dromen,","4,5,6,12,17",,,,
tejjid,tejjid,7,ONBEKEND,tejjid ayi di řeɛdab i řebda d aneqsi.,"Houd op met huilen, niemand gelooft je,","5,12,14,20",,,,
urar,urar,7,ONBEKEND,řami teggid urar ma tecsi dd ttesriḥ?,"Onze bruidegom, wat een fris zeepje ben je,","24,34,36,37,38",,,,
abrid,abrid,6,ONBEKEND,"Abrid n minaḍur arenyen as di tiru,","Reik me jouw hand, ik hoop op een verbintenis","1,6,30,45,49",,,,
lḥub,lḥub,6,ONBEKEND,"A lḥub nni negga yeffɣ ayi d anuri,","Hij wandelde langs de autoweg,","2,8,15,49",,,,
yewc,yewc,6,ONBEKEND,ṛebbi yewc am zzin taddut nnes tewzen.,"Houd op met huilen, niemand gelooft je,","5,7,8,20,37",,,,
yedji,yedji,6,ONBEKEND,necc war djiɣ d mmi-s n Klintun a yedji-s n ḍḍanun.,"Ik ga zitten waar hij altijd zit,","9,23,28,33,44",,,,
ɣari,ɣari,6,ONBEKEND,d tenni d lɛalamat i llif war ɣari ci.,"O mijn haren die worden meegenomen in de broekzakken,","10,11,20,26,31",,,,
řebɛad,řebɛad,6,ONBEKEND,řebɛad n yiwdan ad asen qqḍeɣ lisanes.,"Nou mijn lieve schat, je doet wat je wilt,","20,37,42,49",,,,
fřan,fřan,6,ONBEKEND,"Fřan n wayefřan a y aman unessis,","O onze bruid, met je wenkbrauwen als kammen,","27,30",,,,
acekkam,acekkam,6,ONBEKEND,"Cekkem ay acekkam cekkem uřa dayi,","Het geroddel van de mensen doet boten kapseizen,","46,47,49",,,,
řɛahed,řɛahed,5,ONBEKEND,"Siɣ ayi dd fus nnem s řɛahed ad tmenniɣ,","Reik me jouw hand, ik hoop op een verbintenis","1,5,10,13",,,,
ggeɣ,ggeɣ,5,ONBEKEND,a cem csiɣ a cem ggeɣ deg wanu.,"Reik me jouw hand, ik hoop op een verbintenis","1,8,18,49",,,,
arriḍa,arriḍa,5,ONBEKEND,"nec nwiɣ arriḍa, nettat tenwa řemřac.","Reik me jouw hand, ik hoop op een verbintenis","1,11,16,19,22",,,,
ṭṭumubin,ṭṭumubin,5,ONBEKEND,"Yewta paṣiyu x ubrid n ṭṭumubin,","Hij wandelde langs de autoweg,","2,6,27,45,48",,,,
yetran,yetran,5,ONBEKEND,d cem iřa yedjan d taziri jar yetran.,"Hij wandelde langs de autoweg,","2,9,16,17,33",,,,
zegg,zegg,5,ONBEKEND,"Zegg wami tessɣeřyed izřan nnem ixřa ḍḍcar inu,","Ik heb van je gedroomd met je witte jurk,","3,30,34,40,47",,,,
ḍḍcar,ḍḍcar,5,ONBEKEND,"Zegg wami tessɣeřyed izřan nnem ixřa ḍḍcar inu,","Ik heb van je gedroomd met je witte jurk,","3,10,16,20,44",,,,
cekk,cekk,5,ONBEKEND,"Cekk tennid řɛib necc ugiɣ a t iniɣ,","Ik heb van je gedroomd met je witte jurk,","3,18,31,46",,,,
řɛib,řɛib,5,ONBEKEND,"Cekk tennid řɛib necc ugiɣ a t iniɣ,","Ik heb van je gedroomd met je witte jurk,","3,11,17,47,48",,,,
aṛṛay,aṛṛay,5,ONBEKEND,"Aṛṛay aṛṛay nnem xs ayi niɣ carh ayi,","Ik heb van je gedroomd met je witte jurk,","3,20,36,39",,,,
muṛu,muṛu,5,ONBEKEND,inna ayi gg it degg fus nnem d taɣennant i muṛu.,"Ik kan de slaap niet vatten, ben verslaafd aan cocaїne,","7,8,30,45,48",,,,
iman,iman,5,ONBEKEND,"Mařa truḥed aḷiman ṛebbi war dac isemmeḥ,","O mijn lief die onder de lantaarnpaal staat,","12,18,21",,,,
ḥuma,ḥuma,5,ONBEKEND,thellaleɣ i mami ḥuma akidi yennam.,"Kom maar langs liefje en schroom niet,","16,30,41,44,45",,,,
lwalidin,lwalidin,5,ONBEKEND,aṛdat n lwalidin ak uɣezdis nnes.,"O onze bruid, met je wenkbrauwen als kammen,","27,32,35,41",,,,
nirar,nirar,5,ONBEKEND,a necdeḥ a nirar d taɣennant i yewdan.,"O onze bruidegom, de zomer is nabij,","34,40,41",,,,
illa,illa,5,ONBEKEND,weḷḷah illa tiwi wen yarḍa wuř nnes.,"O onze bruidegom, loop over de binnenplaats,","35,36,42",,,,
icekkamen,icekkamen,5,ONBEKEND,sebɛa n icekkamen mkuř ijjen d awař nnes.,"Het einde van de autoweg is bereikt,","45,46,47,49",,,,
ubrid,ubrid,4,ONBEKEND,"Yewta paṣiyu x ubrid n ṭṭumubin,","Hij wandelde langs de autoweg,","2,12,47",,,,
ggiɣ,ggiɣ,4,ONBEKEND,ɛlik ggiɣ tafunast iři cciɣ aɣi.,"Hij wandelde langs de autoweg,","2,4,11,20",,,,
cciɣ,cciɣ,4,ONBEKEND,ɛlik ggiɣ tafunast iři cciɣ aɣi.,"Hij wandelde langs de autoweg,","2,16,18,21",,,,
řebḥar,řebḥar,4,ONBEKEND,ttṛaḥed a tewḍid x řejruf n řebḥar.,"Ik heb van je gedroomd met je witte jurk,","3,10,21",,,,
ssbaṛ,ssbaṛ,4,ONBEKEND,"Ssbaṛ ssbaṛ a tin řeqned uca ad iraḥ,","Ik heb van je gedroomd met je witte jurk,",3,,,,
iniɣ,iniɣ,4,ONBEKEND,"Cekk tennid řɛib necc ugiɣ a t iniɣ,","Ik heb van je gedroomd met je witte jurk,","3,19,31",,,,
kidec,kidec,4,ONBEKEND,purki cekk d ahebbuj war kidec temɛariɣ.,"Ik heb van je gedroomd met je witte jurk,","3,30,35,41",,,,
icem,icem,4,ONBEKEND,"Yexs icem wuř inu war ggiɣ bu řeḥsab,","Mijn hart verlangde naar je en ik had het niet kunnen dromen,","4,5,11",,,,
mammec,mammec,4,ONBEKEND,A ya řalla yemma mammec dayi temsar?,"Mijn hart verlangde naar je en ik had het niet kunnen dromen,","4,25,28,29",,,,
teggid,teggid,4,ONBEKEND,mayemmi dayi teggid aweddi yamenni?,"Houd op met huilen, niemand gelooft je,","5,24,31,42",,,,
inna,inna,4,ONBEKEND,inna ayi gg it degg fus nnem d taɣennant i muṛu.,"Ik kan de slaap niet vatten, ben verslaafd aan cocaїne,","7,8,14,44",,,,
hwiɣ,hwiɣ,4,ONBEKEND,"Ad hwiɣ Nnaḍur ad sarɣeɣ tifawin,","Hij gaf me een ring zo smal als een doorn,","8,45",,,,
akidem,akidem,4,ONBEKEND,"Temsar ayi akidem am ufareṭṭu meskin,","Ik ga zitten waar hij altijd zit,","9,13,36,37",,,,
nneɛneɛ,nneɛneɛ,4,ONBEKEND,"Mucewwaf azirar ɣar daxeř d nneɛneɛ,","Ik ga zitten waar hij altijd zit,","9,39,42,43",,,,
temziyda,temziyda,4,ONBEKEND,a řefqih n temziyda a zzayi tawyed ddnub.,"O mijn haren die worden meegenomen in de broekzakken,","10,17,29",,,,
sadu,sadu,4,ONBEKEND,"Arwaḥ a nemɛahed sadu weẓru d ucař,","O mijn haren die worden meegenomen in de broekzakken,","10,12,14,24",,,,
tacemřatc,tacemřatc,4,ONBEKEND,"A taddart tacemřatc swiɣ atay nnes,","Het nylon overhemd, de ene draad na de andere,","15,18,32,39",,,,
mitayen,mitayen,4,ONBEKEND,"A mitayen u xemsin tefrina di teysart,","Kom langs liefje, kom opzettelijk langs,","17,26,32,33",,,,
yusin,yusin,4,ONBEKEND,"Taharkust tacemřatc i dd yusin zi wejda,","O Duitsland dat omringd wordt door prikkeldraad,","18,38,43,44",,,,
yiwdan,yiwdan,4,ONBEKEND,řebɛad n yiwdan ad asen qqḍeɣ lisanes.,"Nou mijn lieve schat, je doet wat je wilt,","20,43,45",,,,
iqaṛṛeb,iqaṛṛeb,4,ONBEKEND,"Ini yas a dd iqaṛṛeb niɣ ad yewc i rexṣart,","Nou mijn lieve schat, je doet wat je wilt,","20,34,40",,,,
jjdid,jjdid,4,ONBEKEND,ssbaḥ řxar a nnwar n jjdid.,"Onze bruidegom, wat een fris zeepje ben je,","24,25,32,39",,,,
bandira,bandira,4,ONBEKEND,tecsi dd bandira a tt tayeř ɣar ujedjid.,"O onze bruid, waarom huilt je moeder?","25,32,39,44",,,,
ayetma,ayetma,4,ONBEKEND,aqqa ɣarem ayetma-m daysen ayrad d uɣiřas.,"O onze bruid, waarom huilt je moeder?","25,27,30",,,,
sseɛd,sseɛd,4,ONBEKEND,a sseɛd a yaṛebbi umi yewca yessi-s.,"O onze bruid, met je wenkbrauwen als kammen,","27,42",,,,
yebdan,yebdan,4,ONBEKEND,"Bismilla a nebda am wi yebdan lba,","In naam van God beginnen we, zoals met de letter B,",29,,,,
farḥen,farḥen,4,ONBEKEND,farḥen ac lwalidin maṛṛa wi da ifarḥ.,"Onze bruidegom heeft het echt gezegd,","32,35",,,,
igeɛɛed,igeɛɛed,4,ONBEKEND,"Ssiřyem ccefcaf ad igeɛɛed ɣar yetran,","Een Mercedes 250, versierd met bloemetjes,","33,34,38,41",,,,
sebɛa,sebɛa,4,ONBEKEND,cchaṛ n sebɛa yiweḍ dd aseggwas a war iɛeddu.,"O onze bruidegom, de zomer is nabij,","34,40,45",,,,
wurar,wurar,4,ONBEKEND,"Neccin degg wurar nnec a nekkes imezřan,","O onze bruidegom, de zomer is nabij,","34,40,41",,,,
xafem,xafem,3,ONBEKEND,"Meɛlik war ggwideɣ yemma-m ad xafem tru,","Reik me jouw hand, ik hoop op een verbintenis","1,9,21",,,,
wanu,wanu,3,ONBEKEND,a cem csiɣ a cem ggeɣ deg wanu.,"Reik me jouw hand, ik hoop op een verbintenis","1,9,11",,,,
řemřac,řemřac,3,ONBEKEND,"nec nwiɣ arriḍa, nettat tenwa řemřac.","Reik me jouw hand, ik hoop op een verbintenis","1,13,22",,,,
yuɣin,yuɣin,3,ONBEKEND,Inn ay min cem yuɣin manis ikka zzin nnem?,"Hij wandelde langs de autoweg,","2,49",,,,
yedjan,yedjan,3,ONBEKEND,"D cem iřa yedjan d tattefaḥt n iɣeẓran,","Hij wandelde langs de autoweg,",2,,,,
izřan,izřan,3,ONBEKEND,"Zegg wami tessɣeřyed izřan nnem ixřa ḍḍcar inu,","Ik heb van je gedroomd met je witte jurk,","3,10,31",,,,
ufus,ufus,3,ONBEKEND,kuřci degg ufus nnem ttu y ayi niɣ fekkar ayi.,"Ik heb van je gedroomd met je witte jurk,","3,5,6",,,,
yexs,yexs,3,ONBEKEND,"Yexs icem wuř inu war ggiɣ bu řeḥsab,","Mijn hart verlangde naar je en ik had het niet kunnen dromen,","4,16,42",,,,
řebda,řebda,3,ONBEKEND,tejjid ayi di řeɛdab i řebda d aneqsi.,"Houd op met huilen, niemand gelooft je,","5,19,30",,,,
řami,řami,3,ONBEKEND,ad iɛeddeb wuř nnem řami dayi tenkaṛed.,"Houd op met huilen, niemand gelooft je,","5,24,45",,,,
teḥramin,teḥramin,3,ONBEKEND,"Sidi ɛři n Naḍur a lmarsa n teḥramin,","Ik vroeg haar verkering, zij zei: ik kan niet.","6,13,16",,,,
tazdat,tazdat,3,ONBEKEND,"Yewc ayi txadent d tazdat am ufiřu,","Ik kan de slaap niet vatten, ben verslaafd aan cocaїne,","7,8,29",,,,
uzedjif,uzedjif,3,ONBEKEND,a tt ggeɣ x uzedjif ad yebbuhři muṛu.,"Hij gaf me een ring zo smal als een doorn,","8,19",,,,
nnaḍur,nnaḍur,3,ONBEKEND,"Ad hwiɣ Nnaḍur ad sarɣeɣ tifawin,","Hij gaf me een ring zo smal als een doorn,","8,43,45",,,,
igga,igga,3,ONBEKEND,aqa c lḥub nnec igga ayi tiɣufawin.,"Hij gaf me een ring zo smal als een doorn,","8,43",,,,
waman,waman,3,ONBEKEND,A yemma ma d wa d anu n waman di wḍiɣ?,"Hij gaf me een ring zo smal als een doorn,","8,28,30",,,,
wḍiɣ,wḍiɣ,3,ONBEKEND,A yemma ma d wa d anu n waman di wḍiɣ?,"Hij gaf me een ring zo smal als een doorn,","8,21",,,,
yetɣima,yetɣima,3,ONBEKEND,"Ad raḥeɣ ad qqimeɣ mani yetɣima netta,","Ik ga zitten waar hij altijd zit,","9,19",,,,
melyun,melyun,3,ONBEKEND,"Ruḥeɣ a tt xeḍbeɣ nnan ayi ɛecra melyun,","Ik ga zitten waar hij altijd zit,","9,38,43",,,,
ḍḍanun,ḍḍanun,3,ONBEKEND,necc war djiɣ d mmi-s n Klintun a yedji-s n ḍḍanun.,"Ik ga zitten waar hij altijd zit,","9,36,43",,,,
tenni,tenni,3,ONBEKEND,d tenni d lɛalamat i llif war ɣari ci.,"O mijn haren die worden meegenomen in de broekzakken,","10,16,42",,,,
uɛecci,uɛecci,3,ONBEKEND,ayam n uɛecci a řesbab n arriḍa.,"O rijpe granaatappel in een omheinde boomgaard,","11,15,42",,,,
teẓrid,teẓrid,3,ONBEKEND,a necc teẓrid ayi teẓrid mayen dayi.,"O rijpe granaatappel in een omheinde boomgaard,",11,,,,
truḥed,truḥed,3,ONBEKEND,"Mařa truḥed aḷiman ṛebbi war dac isemmeḥ,","O mijn lief die onder de lantaarnpaal staat,","12,18",,,,
nnhaṛ,nnhaṛ,3,ONBEKEND,"Ijj n nnhaṛ d tṛaxxi ijj n nnhaṛ d ajedjab,","O mijn lief die onder de lantaarnpaal staat,","12,33",,,,
mamuc,mamuc,3,ONBEKEND,a Mamuc taḥellut d wenni akidem d iteffɣen.,"Als je een jurk om mijn lijf was,","13,14",,,,
taḥellut,taḥellut,3,ONBEKEND,a Mamuc taḥellut d wenni akidem d iteffɣen.,"Als je een jurk om mijn lijf was,","13,14",,,,
akidec,akidec,3,ONBEKEND,mami akidec asari akidec anecceṭ.,"Het nylon overhemd, de ene draad na de andere,","15,42",,,,
teqqimed,teqqimed,3,ONBEKEND,"Cem teswid atay teqqimed di řehna,","Het nylon overhemd, de ene draad na de andere,","15,22,45",,,,
yenn,yenn,3,ONBEKEND,yenn ayi dd a tateffaḥt itnennan s rxaḍar.,"Kom maar langs liefje en schroom niet,","16,20,21",,,,
tawi,tawi,3,ONBEKEND,Ma ad ac taři ɣa yetran a dd tawi taziri?,"Kom langs liefje, kom opzettelijk langs,","17,19",,,,
munen,munen,3,ONBEKEND,"Kkiɣ dd ɣar temziyda ufiɣ ṭṭeřba munen,","Kom langs liefje, kom opzettelijk langs,","17,42",,,,
tiwyed,tiwyed,3,ONBEKEND,tiwyed řbaṛṛani tejjid ḍḍcar nnec.,"Nou mijn lieve schat, je doet wat je wilt,","20,36,42",,,,
melyul,melyul,3,ONBEKEND,"Ɛlik ɣari melyul u neṣṣ,","Nou mijn lieve schat, je doet wat je wilt,",20,,,,
benneɛman,benneɛman,3,ONBEKEND,ḷḷah mana řeɣyar di nnwaṛ n benneɛman?,"Hij zei: o liefje ik verbied je naar Duitsland te gaan,","21,28,35",,,,
ucekkam,ucekkam,3,ONBEKEND,taddart n ucekkam tus ayi dd x uɣezdis.,"Hij zei: o liefje ik verbied je naar Duitsland te gaan,","21,47,48",,,,
uɣezdis,uɣezdis,3,ONBEKEND,taddart n ucekkam tus ayi dd x uɣezdis.,"Hij zei: o liefje ik verbied je naar Duitsland te gaan,","21,27,40",,,,
řxar,řxar,3,ONBEKEND,ssbaḥ řxar a nnwar n jjdid.,"Onze bruidegom, wat een fris zeepje ben je,","24,33,48",,,,
mezři,mezři,3,ONBEKEND,weḷḷah iřa narra mezři di ddunect a.,Bij God wat hebben we gegeten en gedronken.,"26,30,36",,,,
yewca,yewca,3,ONBEKEND,a sseɛd a yaṛebbi umi yewca yessi-s.,"O onze bruid, met je wenkbrauwen als kammen,","27,36,43",,,,
yessi,yessi,3,ONBEKEND,a sseɛd a yaṛebbi umi yewca yessi-s.,"O onze bruid, met je wenkbrauwen als kammen,","27,33",,,,
geɛɛed,geɛɛed,3,ONBEKEND,"Řalla tasřit nneɣ geɛɛed iři nnem ajenna,","O onze bruid, wees zo trots als een pauw,","28,37,42",,,,
amenn,amenn,3,ONBEKEND,yeffud ic wuř inu amenn yeffud aɣi.,"O onze bruid, wees zo trots als een pauw,","28,32,48",,,,
yuři,yuři,3,ONBEKEND,icuq dd di benneɛman yuři dd ad inewwaṛ.,"O onze bruid, wees zo trots als een pauw,","28,39,43",,,,
inewwaṛ,inewwaṛ,3,ONBEKEND,icuq dd di benneɛman yuři dd ad inewwaṛ.,"O onze bruid, wees zo trots als een pauw,","28,39,43",,,,
leklam,leklam,3,ONBEKEND,"Bismilla a nebda leklam a t nṣeyyar,","O onze bruid, wees zo trots als een pauw,","28,30",,,,
arrif,arrif,3,ONBEKEND,am wi yebdan ddsas i temziyda n arrif.,"In naam van God beginnen we, zoals met de letter B,","29,43,44",,,,
nekkes,nekkes,3,ONBEKEND,bismilla a nekkes zegg wuř nneɣ axeyyeq.,"In naam van God beginnen we, Hij zal het vergemakkelijken,","30,34,40",,,,
tiḥramin,tiḥramin,3,ONBEKEND,"A tiḥramin nneɣ axmi ccint ameřzi,","Allal zoon van Boumdian, hij verdient het te werken,","31,33,39",,,,
wanita,wanita,3,ONBEKEND,mecḥař d uraren ẓriɣ war dji am wanita.,"Allal zoon van Boumdian, hij verdient het te werken,","31,37,41",,,,
řemṛaḥ,řemṛaḥ,3,ONBEKEND,"A tiḥramin nneɣ ɣenjent idd di řemṛaḥ,","Een Mercedes 250, versierd met bloemetjes,","33,35,41",,,,
řweṣt,řweṣt,3,ONBEKEND,cenna mařa yirar di řweṣt n wurar.,"O onze bruidegom, de zomer is nabij,","34,41,47",,,,
lleccin,lleccin,3,ONBEKEND,"Řalla tasřit nneɣ tiqebḍin n lleccin,","O onze bruidegom, loop over de binnenplaats,","35,39,43",,,,
icten,icten,3,ONBEKEND,"icten n wafar n řward, icten n bibsi kula.","O onze bruidegom die twee winkels heeft,","39,45",,,,
yiwi,yiwi,3,ONBEKEND,izzudj ařami yiwi yedji-s n bni buɛeyyac.,"De bruidegom spreekt zonder op te scheppen,","44,46",,,,
yawařen,yawařen,3,ONBEKEND,a yawařen n yiwdan qeřben aɣaṛṛabu.,"Het einde van de autoweg is bereikt,","45,46",,,,
qeřben,qeřben,3,ONBEKEND,a yawařen n yiwdan qeřben aɣaṛṛabu.,"Het einde van de autoweg is bereikt,","45,46",,,,
cekkem,cekkem,3,ONBEKEND,"Cekkem ay acekkam cekkem uřa dayi,","Het geroddel van de mensen doet boten kapseizen,","46,49",,,,
yacekkam,yacekkam,3,ONBEKEND,A yacekkam inu i min dac itarin?,"Het huis van mijn lief is omringd door slangen,","48,49",,,,
lhawa,lhawa,2,ONBEKEND,"A ya řalla yemma dewřeɣ am lhawa,","Reik me jouw hand, ik hoop op een verbintenis","1,17",,,,
řeɛdu,řeɛdu,2,ONBEKEND,i necc yeccin bunarjuf min iruḥen i řeɛdu?,"Reik me jouw hand, ik hoop op een verbintenis","1,42",,,,
umuni,umuni,2,ONBEKEND,ɛamayen n umuni war tt iḥidi ɛemmars.,"Reik me jouw hand, ik hoop op een verbintenis","1,6",,,,
arwaḥ,arwaḥ,2,ONBEKEND,"Nniɣ as arwaḥ mun akidi, tenna ayi cek d aqeddac,","Reik me jouw hand, ik hoop op een verbintenis","1,10",,,,
akidi,akidi,2,ONBEKEND,"Nniɣ as arwaḥ mun akidi, tenna ayi cek d aqeddac,","Reik me jouw hand, ik hoop op een verbintenis","1,16",,,,
itɣiř,itɣiř,2,ONBEKEND,itɣiř as nnubiya ad as tt idd yawi řeɛwin.,"Hij wandelde langs de autoweg,","2,4",,,,
yawi,yawi,2,ONBEKEND,itɣiř as nnubiya ad as tt idd yawi řeɛwin.,"Hij wandelde langs de autoweg,","2,16",,,,
negga,negga,2,ONBEKEND,"A lḥub nni negga yeffɣ ayi d anuri,","Hij wandelde langs de autoweg,","2,8",,,,
taziri,taziri,2,ONBEKEND,d cem iřa yedjan d taziri jar yetran.,"Hij wandelde langs de autoweg,","2,17",,,,
nnwawaṛ,nnwawaṛ,2,ONBEKEND,"D cem iřa yedjan d zzin n nnwawaṛ,","Hij wandelde langs de autoweg,","2,33",,,,
wafar,wafar,2,ONBEKEND,mecḥař uriɣ isem nnem x wafar n řecjuṛ.,"Hij wandelde langs de autoweg,","2,39",,,,
ddfin,ddfin,2,ONBEKEND,"Urjiɣ cem di řemnam s ddfin d acemřař,","Ik heb van je gedroomd met je witte jurk,","3,13",,,,
ifarḥ,ifarḥ,2,ONBEKEND,ssbaṛ ssbaṛ aya tin uř a uca ad ifarḥ.,"Ik heb van je gedroomd met je witte jurk,","3,32",,,,
wawař,wawař,2,ONBEKEND,weḷḷah war t isedɛef ɣar wawař n yewdan.,"Ik heb van je gedroomd met je witte jurk,","3,10",,,,
temsar,temsar,2,ONBEKEND,A ya řalla yemma mammec dayi temsar?,"Mijn hart verlangde naar je en ik had het niet kunnen dromen,","4,9",,,,
baṛṛa,baṛṛa,2,ONBEKEND,Ssenseɣ di baṛṛa iccat xafi wenẓar.,"Mijn hart verlangde naar je en ik had het niet kunnen dromen,","4,29",,,,
wenẓar,wenẓar,2,ONBEKEND,Ssenseɣ di baṛṛa iccat xafi wenẓar.,"Mijn hart verlangde naar je en ik had het niet kunnen dromen,","4,28",,,,
akidar,akidar,2,ONBEKEND,jjent ayi a t awyeɣ a t arreɣ d akidar.,"Mijn hart verlangde naar je en ik had het niet kunnen dromen,",4,,,,
qqaren,qqaren,2,ONBEKEND,"A taddart tameqqrant war dji qqaren t i řeswaṛ,","Mijn hart verlangde naar je en ik had het niet kunnen dromen,",4,,,,
ufiřu,ufiřu,2,ONBEKEND,"Dewřeɣ am ufiřu ɛla sibbat nnem,","Mijn hart verlangde naar je en ik had het niet kunnen dromen,","4,7",,,,
řeɛdab,řeɛdab,2,ONBEKEND,tejjid ayi di řeɛdab i řebda d aneqsi.,"Houd op met huilen, niemand gelooft je,","5,12",,,,
temẓi,temẓi,2,ONBEKEND,"Ixs icem wuř inu ixs icem zi temẓi,","Houd op met huilen, niemand gelooft je,","5,31",,,,
tenkaṛed,tenkaṛed,2,ONBEKEND,"Ddɛiɣ cem ɣar aṛebbi rami dayi tenkaṛed,","Houd op met huilen, niemand gelooft je,",5,,,,
yegg,yegg,2,ONBEKEND,min ɣa yegg aṛebbi necc a zzayes qebřeɣ.,"Ik vroeg haar verkering, zij zei: ik kan niet.","6,49",,,,
zzayes,zzayes,2,ONBEKEND,min ɣa yegg aṛebbi necc a zzayes qebřeɣ.,"Ik vroeg haar verkering, zij zei: ik kan niet.","6,35",,,,
aṛṛbiɛ,aṛṛbiɛ,2,ONBEKEND,"Abrid n ṭṭumubin aṛṛbiɛ ssa d ssa,","Ik vroeg haar verkering, zij zei: ik kan niet.","6,45",,,,
texsed,texsed,2,ONBEKEND,bulanṭi degg ufus nnec ndeh mani texsed.,"Ik vroeg haar verkering, zij zei: ik kan niet.","6,22",,,,
sidi,sidi,2,ONBEKEND,"Sidi ɛři n Naḍur a lmarsa n teḥramin,","Ik vroeg haar verkering, zij zei: ik kan niet.","6,41",,,,
iṣebbar,iṣebbar,2,ONBEKEND,ad iṣebbar ṛebbi uř inu meskin.,"Ik vroeg haar verkering, zij zei: ik kan niet.","6,10",,,,
icedden,icedden,2,ONBEKEND,min xafi icedden tinni n cayaṭin?,"Ik kan de slaap niet vatten, ben verslaafd aan cocaїne,","7,31",,,,
ssawařen,ssawařen,2,ONBEKEND,iwdan ssawařen di ddat inu tesřiɣ.,"Ik kan de slaap niet vatten, ben verslaafd aan cocaїne,","7,20",,,,
ẓriɣ,ẓriɣ,2,ONBEKEND,"A hwa dd a llif hwa dd teřt iyyam war cek ẓriɣ,","Ik kan de slaap niet vatten, ben verslaafd aan cocaїne,","7,31",,,,
ssukar,ssukar,2,ONBEKEND,"Kilu n ssukar a llif ma d awař,","Ik kan de slaap niet vatten, ben verslaafd aan cocaїne,","7,34",,,,
yettu,yettu,2,ONBEKEND,awyem as ca n zzin minzi dayi ɣa yettu.,"Hij gaf me een ring zo smal als een doorn,","8,9",,,,
tifawin,tifawin,2,ONBEKEND,"Ad hwiɣ Nnaḍur ad sarɣeɣ tifawin,","Hij gaf me een ring zo smal als een doorn,","8,49",,,,
tiɣufawin,tiɣufawin,2,ONBEKEND,aqa c lḥub nnec igga ayi tiɣufawin.,"Hij gaf me een ring zo smal als een doorn,","8,49",,,,
mayen,mayen,2,ONBEKEND,itqaṛṛab ɣar tmessi war yessin mayen din.,"Ik ga zitten waar hij altijd zit,","9,11",,,,
mucewwaf,mucewwaf,2,ONBEKEND,"Mucewwaf azirar iseɣwan n wanu,","Ik ga zitten waar hij altijd zit,",9,,,,
azirar,azirar,2,ONBEKEND,"Mucewwaf azirar iseɣwan n wanu,","Ik ga zitten waar hij altijd zit,",9,,,,
tawyed,tawyed,2,ONBEKEND,a řefqih n temziyda a zzayi tawyed ddnub.,"O mijn haren die worden meegenomen in de broekzakken,","10,22",,,,
uzeřmaḍ,uzeřmaḍ,2,ONBEKEND,"Tsaɛɛat n uzeřmaḍ arr it ɣar ufusi,","O mijn haren die worden meegenomen in de broekzakken,","10,15",,,,
ufusi,ufusi,2,ONBEKEND,"Tsaɛɛat n uzeřmaḍ arr it ɣar ufusi,","O mijn haren die worden meegenomen in de broekzakken,","10,15",,,,
ucař,ucař,2,ONBEKEND,"Arwaḥ a nemɛahed sadu weẓru d ucař,","O mijn haren die worden meegenomen in de broekzakken,","10,48",,,,
ɣars,ɣars,2,ONBEKEND,wen ixedɛen řɛahed war ɣars bu wawař.,"O mijn haren die worden meegenomen in de broekzakken,","10,49",,,,
tasebnect,tasebnect,2,ONBEKEND,"Tasebnect tazeggwaɣt weḷḷah war qqineɣ,","O mijn haren die worden meegenomen in de broekzakken,","10,25",,,,
tazeggwaɣt,tazeggwaɣt,2,ONBEKEND,"Tasebnect tazeggwaɣt weḷḷah war qqineɣ,","O mijn haren die worden meegenomen in de broekzakken,","10,32",,,,
mayenzi,mayenzi,2,ONBEKEND,ixs icem wuř inu war ɣari mayenzi.,"O rijpe granaatappel in een omheinde boomgaard,","11,17",,,,
tiři,tiři,2,ONBEKEND,"Ad raḥeɣ ad qqimeɣ di tiři n uɣudani,","O rijpe granaatappel in een omheinde boomgaard,",11,,,,
tecsid,tecsid,2,ONBEKEND,a necc teẓrid ayi tecsid ayi tiweṣṣaf.,"O rijpe granaatappel in een omheinde boomgaard,","11,47",,,,
uqemmum,uqemmum,2,ONBEKEND,a buřɛib n uqemmum inni y as a xafi yenḥed.,"O mijn lief die onder de lantaarnpaal staat,","12,18",,,,
inni,inni,2,ONBEKEND,a buřɛib n uqemmum inni y as a xafi yenḥed.,"O mijn lief die onder de lantaarnpaal staat,","12,34",,,,
isemmeḥ,isemmeḥ,2,ONBEKEND,"Mařa truḥed aḷiman ṛebbi war dac isemmeḥ,","O mijn lief die onder de lantaarnpaal staat,","12,17",,,,
ɛqeb,ɛqeb,2,ONBEKEND,ɛqeb dd a llif ɛqeb dd řɛahed a cek ifelles.,"Als je een jurk om mijn lijf was,",13,,,,
cemm,cemm,2,ONBEKEND,a yenna ayi qebřeɣ cemm nnehřa.,"Als je een jurk om mijn lijf was,","13,27",,,,
nnehřa,nnehřa,2,ONBEKEND,a yenna ayi qebřeɣ cemm nnehřa.,"Als je een jurk om mijn lijf was,","13,39",,,,
newca,newca,2,ONBEKEND,"A řɛahed nni newca deg umrabeḍ ihedmen,","Als je een jurk om mijn lijf was,","13,15",,,,
xuya,xuya,2,ONBEKEND,"A xuya llif inu a taneqqit n uyur,","Als je een jurk om mijn lijf was,","13,46",,,,
uyur,uyur,2,ONBEKEND,"A xuya llif inu a taneqqit n uyur,","Als je een jurk om mijn lijf was,","13,43",,,,
tenɛac,tenɛac,2,ONBEKEND,ɣar tenɛac n tmeddit kk dd xafi a nuyur.,"Als je een jurk om mijn lijf was,","13,14",,,,
semḥ,semḥ,2,ONBEKEND,icsi dd maliṭa inna ayi semḥ ayi.,"Ik wilde niet huilen, maar toch liet hij me huilen,","14,46",,,,
kkiɣ,kkiɣ,2,ONBEKEND,"Kkiɣ sadu wuṛtu ḥesbeɣ tifray nnes,","Ik wilde niet huilen, maar toch liet hij me huilen,","14,17",,,,
agřa,agřa,2,ONBEKEND,agřa n baba tecc itt d icemsan n qawit.,"Ik wilde niet huilen, maar toch liet hij me huilen,",14,,,,
tecc,tecc,2,ONBEKEND,agřa n baba tecc itt d icemsan n qawit.,"Ik wilde niet huilen, maar toch liet hij me huilen,",14,,,,
ntawy,ntawy,2,ONBEKEND,necc d mami ynu ntawy tt d ulabas.,"Het nylon overhemd, de ene draad na de andere,","15,29",,,,
ssbaḥ,ssbaḥ,2,ONBEKEND,lḥub nni n ssbaḥ arr it ɣar uɛecci.,"Het nylon overhemd, de ene draad na de andere,","15,24",,,,
temceṭt,temceṭt,2,ONBEKEND,"Mami leɛziz inu a yabřiwen n temceṭt,","Het nylon overhemd, de ene draad na de andere,","15,27",,,,
asari,asari,2,ONBEKEND,mami akidec asari akidec anecceṭ.,"Het nylon overhemd, de ene draad na de andere,","15,27",,,,
anecceṭ,anecceṭ,2,ONBEKEND,mami akidec asari akidec anecceṭ.,"Het nylon overhemd, de ene draad na de andere,","15,27",,,,
tewwaṛt,tewwaṛt,2,ONBEKEND,"Beddeɣ di tewwaṛt yenna ayi dd a mnwaḍar,","Kom maar langs liefje en schroom niet,","16,29",,,,
tateffaḥt,tateffaḥt,2,ONBEKEND,yenn ayi dd a tateffaḥt itnennan s rxaḍar.,"Kom maar langs liefje en schroom niet,","16,32",,,,
ufiɣ,ufiɣ,2,ONBEKEND,"Kkiɣ dd ɣar temziyda ufiɣ ṭṭeřba munen,","Kom langs liefje, kom opzettelijk langs,","17,19",,,,
ṭṭeřba,ṭṭeřba,2,ONBEKEND,"Kkiɣ dd ɣar temziyda ufiɣ ṭṭeřba munen,","Kom langs liefje, kom opzettelijk langs,","17,23",,,,
ḍweɣ,ḍweɣ,2,ONBEKEND,řalla yemma dewřeɣ d taɛejjajt ad ḍweɣ.,"Kom langs liefje, kom opzettelijk langs,","17,22",,,,
rewweḥ,rewweḥ,2,ONBEKEND,"rewweḥ dd a wma rewweḥ dd, aḷiman ma yesɣ ic?","O Duitsland dat omringd wordt door prikkeldraad,",18,,,,
labas,labas,2,ONBEKEND,ssqadiɣ tent u labas ɣriɣ i manaya.,"O Duitsland dat omringd wordt door prikkeldraad,","18,19",,,,
manaya,manaya,2,ONBEKEND,ssqadiɣ tent u labas ɣriɣ i manaya.,"O Duitsland dat omringd wordt door prikkeldraad,","18,38",,,,
yeggi,yeggi,2,ONBEKEND,"Yenna ayi ad am ggeɣ min war dam yeggi baba-m,","O Duitsland dat omringd wordt door prikkeldraad,","18,26",,,,
ttesriḥ,ttesriḥ,2,ONBEKEND,ad am ggeɣ ttesriḥ a traḥed aḷiman.,"O Duitsland dat omringd wordt door prikkeldraad,","18,24",,,,
wejda,wejda,2,ONBEKEND,"Taharkust tacemřatc i dd yusin zi wejda,","O Duitsland dat omringd wordt door prikkeldraad,","18,19",,,,
ṭṭařeb,ṭṭařeb,2,ONBEKEND,"Ad ṛaḥeɣ ad sseqsiɣ ṭṭařeb di wejda,",Ik ga het aan een Koranstudent in Oujda vragen:,19,,,,
idurar,idurar,2,ONBEKEND,yekk dd jar idurar itceɛciɛ am řkas.,Ik ga het aan een Koranstudent in Oujda vragen:,"19,32",,,,
miḍar,miḍar,2,ONBEKEND,"Beddeɣ di tewwařt řaɣiɣ ɣar miḍar,",Ik ga het aan een Koranstudent in Oujda vragen:,"19,28",,,,
yeqqs,yeqqs,2,ONBEKEND,"Yeqqs ayi uzedjif qqneɣ as řɛamaṛ,",Ik ga het aan een Koranstudent in Oujda vragen:,19,,,,
mecciki,mecciki,2,ONBEKEND,tamcunt n mecciki texs ayi tawi ɛumaṛ.,Ik ga het aan een Koranstudent in Oujda vragen:,19,,,,
texs,texs,2,ONBEKEND,tamcunt n mecciki texs ayi tawi ɛumaṛ.,Ik ga het aan een Koranstudent in Oujda vragen:,19,,,,
tufid,tufid,2,ONBEKEND,"Iwa ya llif iwa tufid aṛṛay nnec,","Nou mijn lieve schat, je doet wat je wilt,","20,41",,,,
asen,asen,2,ONBEKEND,řebɛad n yiwdan ad asen qqḍeɣ lisanes.,"Nou mijn lieve schat, je doet wat je wilt,",20,,,,
timessi,timessi,2,ONBEKEND,řebɛad n yiwdan ad asen qqḍeɣ timessi.,"Nou mijn lieve schat, je doet wat je wilt,","20,38",,,,
muɛessa,muɛessa,2,ONBEKEND,muɛessa ad tiřid mami d azyen inu?,"Nou mijn lieve schat, je doet wat je wilt,","20,46",,,,
jjaj,jjaj,2,ONBEKEND,ad wḍiɣ x aṛṛiḍa wenni xef cciɣ jjaj.,"Hij zei: o liefje ik verbied je naar Duitsland te gaan,","21,46",,,,
yexsen,yexsen,2,ONBEKEND,"Wi yexsen ad yini yini yecsi řeɛram degg fus,","Hij zei: o liefje ik verbied je naar Duitsland te gaan,","21,47",,,,
yini,yini,2,ONBEKEND,"Wi yexsen ad yini yini yecsi řeɛram degg fus,","Hij zei: o liefje ik verbied je naar Duitsland te gaan,",21,,,,
yecsi,yecsi,2,ONBEKEND,"Wi yexsen ad yini yini yecsi řeɛram degg fus,","Hij zei: o liefje ik verbied je naar Duitsland te gaan,","21,38",,,,
řeɛram,řeɛram,2,ONBEKEND,"Wi yexsen ad yini yini yecsi řeɛram degg fus,","Hij zei: o liefje ik verbied je naar Duitsland te gaan,","21,32",,,,
ufin,ufin,2,ONBEKEND,"Uḥřen iwdan nnan war ufin min nnan,","Hij zei: o liefje ik verbied je naar Duitsland te gaan,","21,43",,,,
mana,mana,2,ONBEKEND,ḷḷah mana řeɣyar di nnwaṛ n benneɛman?,"Hij zei: o liefje ik verbied je naar Duitsland te gaan,","21,49",,,,
webrid,webrid,2,ONBEKEND,"Maṃi leɛziz inu x webrid n řeɛraṣi,","Hij zei: o liefje ik verbied je naar Duitsland te gaan,","21,48",,,,
tafed,tafed,2,ONBEKEND,mařa teqqimed ař imař muḥar ma ayi tafed da.,"Als je met me wilt trouwen, dan dit jaar mijn schat,","22,25",,,,
yeqqim,yeqqim,2,ONBEKEND,"Yus dd unexḍab yeqqim degg usqif,","Als je met me wilt trouwen, dan dit jaar mijn schat,","22,26",,,,
tira,tira,2,ONBEKEND,"Tira n ṭṭeřba qa war dayi hezzent,","De voorspelling van de heiligen doet mij niets,",23,,,,
tamziyda,tamziyda,2,ONBEKEND,"A řalla tamziyda ad am ḥenceɣ ttaṛf,","De voorspelling van de heiligen doet mij niets,","23,47",,,,
tecsi,tecsi,2,ONBEKEND,řami teggid urar ma tecsi dd ttesriḥ?,"Onze bruidegom, wat een fris zeepje ben je,","24,25",,,,
iřaɣa,iřaɣa,2,ONBEKEND,"A muřay nneɣ zi mřitc i dd iřaɣa,","Onze bruidegom, wat een fris zeepje ben je,",24,,,,
watay,watay,2,ONBEKEND,min isarbar d řkas n watay a t ixedjeṣ.,"Onze bruidegom, wat een fris zeepje ben je,","24,26",,,,
tnayen,tnayen,2,ONBEKEND,"Řalla tasřit nneɣ am tnayen ibuyas,","O onze bruid, waarom huilt je moeder?","25,38",,,,
ibuyas,ibuyas,2,ONBEKEND,"Řalla tasřit nneɣ am tnayen ibuyas,","O onze bruid, waarom huilt je moeder?","25,38",,,,
aqqa,aqqa,2,ONBEKEND,aqqa ɣarem ayetma-m daysen ayrad d uɣiřas.,"O onze bruid, waarom huilt je moeder?","25,30",,,,
ɣarem,ɣarem,2,ONBEKEND,aqqa ɣarem ayetma-m daysen ayrad d uɣiřas.,"O onze bruid, waarom huilt je moeder?","25,27",,,,
ayrad,ayrad,2,ONBEKEND,aqqa ɣarem ayetma-m daysen ayrad d uɣiřas.,"O onze bruid, waarom huilt je moeder?","25,38",,,,
teqqim,teqqim,2,ONBEKEND,"Řalla tasrit nneɣ teqqim di řemraḥ,","O onze bruid, waarom huilt je moeder?","25,47",,,,
ibeɛɛed,ibeɛɛed,2,ONBEKEND,mařa din ca n zzin ini yas ad ibeɛɛed.,"O onze bruid, waarom huilt je moeder?","25,38",,,,
necca,necca,2,ONBEKEND,"Weḷḷah iřa necca weḷḷah iřa neswa,",Bij God wat hebben we gegeten en gedronken.,26,,,,
neswa,neswa,2,ONBEKEND,"Weḷḷah iřa necca weḷḷah iřa neswa,",Bij God wat hebben we gegeten en gedronken.,26,,,,
tegged,tegged,2,ONBEKEND,Sseny it idd x umuṭur tegged t idd awarn ac.,Bij God wat hebben we gegeten en gedronken.,"26,38",,,,
yennumen,yennumen,2,ONBEKEND,cemm yennumen asari cem yennumen anecceṭ.,"O onze bruid, met je wenkbrauwen als kammen,",27,,,,
newy,newy,2,ONBEKEND,"Weḷḷah iřa newy itt nehřa y ademmem,","O onze bruid, met je wenkbrauwen als kammen,",27,,,,
yeffud,yeffud,2,ONBEKEND,yeffud ic wuř inu amenn yeffud aɣi.,"O onze bruid, wees zo trots als een pauw,",28,,,,
řḥajj,řḥajj,2,ONBEKEND,"Muḥammed aw řḥajj yeɛdu dd zi řkebdani,","O onze bruid, wees zo trots als een pauw,",28,,,,
yeɛdu,yeɛdu,2,ONBEKEND,"Muḥammed aw řḥajj yeɛdu dd zi řkebdani,","O onze bruid, wees zo trots als een pauw,","28,30",,,,
nessuyes,nessuyes,2,ONBEKEND,leklam a t nessuyes am waman n wenẓar.,"O onze bruid, wees zo trots als een pauw,","28,30",,,,
nini,nini,2,ONBEKEND,Bismilla a nebda mammec as ɣa nini řux?,"O onze bruid, wees zo trots als een pauw,","28,29",,,,
ddsas,ddsas,2,ONBEKEND,am wi yebdan ddsas i temziyda a tt ibna.,"In naam van God beginnen we, zoals met de letter B,",29,,,,
ntiwi,ntiwi,2,ONBEKEND,a neɣzar ma ntawy itt dd niɣ war tt idd ntiwi ca.,"In naam van God beginnen we, zoals met de letter B,","29,46",,,,
cciṭan,cciṭan,2,ONBEKEND,"Bismilla a nebda cciṭan a t nessexza,","In naam van God beginnen we, zoals met de letter B,","29,38",,,,
tefřas,tefřas,2,ONBEKEND,Ini mac ma tennid a tazdat n tefřas.,"In naam van God beginnen we, zoals met de letter B,","29,35",,,,
atcun,atcun,2,ONBEKEND,"A wc ayi dd atcun nni ad cehhareɣ xwaři,","In naam van God beginnen we, Hij zal het vergemakkelijken,","30,31",,,,
řhem,řhem,2,ONBEKEND,cenna mařa yudef ɣa řbit war itif řhem.,"Allal zoon van Boumdian, hij verdient het te werken,","31,33",,,,
tteffaḥ,tteffaḥ,2,ONBEKEND,"A ya muřay nneɣ aya nnwaṛ n tteffaḥ,","Onze bruidegom heeft het echt gezegd,","32,33",,,,
icewwaṛ,icewwaṛ,2,ONBEKEND,muřay d amezyan i mecḥař icewwaṛ.,"Een Mercedes 250, versierd met bloemetjes,","33,36",,,,
ɛemmaṛs,ɛemmaṛs,2,ONBEKEND,yedji-m egg itt qa tehna ɛemmaṛs teẓra řhem.,"Een Mercedes 250, versierd met bloemetjes,","33,35",,,,
unebdu,unebdu,2,ONBEKEND,"Muřay muřay nneɣ iqaṛṛeb dd unebdu,","O onze bruidegom, de zomer is nabij,","34,40",,,,
iɛeddu,iɛeddu,2,ONBEKEND,cchaṛ n sebɛa yiweḍ dd aseggwas a war iɛeddu.,"O onze bruidegom, de zomer is nabij,","34,40",,,,
imezřan,imezřan,2,ONBEKEND,"Neccin degg wurar nnec a nekkes imezřan,","O onze bruidegom, de zomer is nabij,","34,40",,,,
necdeḥ,necdeḥ,2,ONBEKEND,a necdeḥ a nirar d taɣennant i yewdan.,"O onze bruidegom, de zomer is nabij,","34,40",,,,
taneqřect,taneqřect,2,ONBEKEND,"A ya muřay nneɣ taneqřect n zzitun,","O onze bruidegom, de zomer is nabij,","34,40",,,,
zzitun,zzitun,2,ONBEKEND,"A ya muřay nneɣ taneqřect n zzitun,","O onze bruidegom, de zomer is nabij,","34,40",,,,
yeɛdun,yeɛdun,2,ONBEKEND,urar aseggwas a ḥsen zegg inni yeɛdun.,"O onze bruidegom, de zomer is nabij,","34,40",,,,
řqařeb,řqařeb,2,ONBEKEND,"A ya muřay nneɣ a řqařeb n ssukar,","O onze bruidegom, de zomer is nabij,","34,40",,,,
necḍeḥ,necḍeḥ,2,ONBEKEND,neccin aqa nus dd a necḍeḥ a nirar.,"O onze bruidegom, de zomer is nabij,","34,40",,,,
yirar,yirar,2,ONBEKEND,cenna mařa yirar di řweṣt n wurar.,"O onze bruidegom, de zomer is nabij,","34,41",,,,
tfaṛḥ,tfaṛḥ,2,ONBEKEND,ass a d ameqqṛan maṛṛa a kidec tfaṛḥ.,"O onze bruidegom, loop over de binnenplaats,",35,,,,
tiqebḍin,tiqebḍin,2,ONBEKEND,"Řalla tasřit nneɣ tiqebḍin n aṛṛemman,","O onze bruidegom, loop over de binnenplaats,",35,,,,
taqedduḥt,taqedduḥt,2,ONBEKEND,"Řalla tasřit nneɣ taqedduḥt n ḍḍanun,","O onze bruid, alles aan je is mooi,","36,43",,,,
ntedɛa,ntedɛa,2,ONBEKEND,neccin ntedɛa akidem s řehna.,"O onze bruid, alles aan je is mooi,","36,37",,,,
mabṛuk,mabṛuk,2,ONBEKEND,"Řalla tasrit nneɣ mabṛuk d amimun,","O onze bruid, alles aan je is mooi,","36,44",,,,
yaṛeqqen,yaṛeqqen,2,ONBEKEND,"Řalla tasřit nneɣ a tcumɛett yaṛeqqen,","O onze bruid, wij bidden voor je,",37,,,,
talwizt,talwizt,2,ONBEKEND,"Řalla tasřit nneɣ a talwizt n xemsa,","O onze bruid, wij bidden voor je,","37,38",,,,
ladab,ladab,2,ONBEKEND,Aqemmum ideḥḥec d ladab aked yewdan.,"O onze bruid, wij bidden voor je,","37,42",,,,
aked,aked,2,ONBEKEND,Aqemmum ideḥḥec d ladab aked yewdan.,"O onze bruid, wij bidden voor je,","37,42",,,,
teqwis,teqwis,2,ONBEKEND,"Řalla tasřit nneɣ geɛɛed war teqwis,","O onze bruid, wij bidden voor je,","37,42",,,,
aɣiřas,aɣiřas,2,ONBEKEND,ijjen dayes ayrad ijjen dayes aɣiřas.,"O onze bruid, met haar twee riemen,","38,39",,,,
yaṛẓem,yaṛẓem,2,ONBEKEND,maṛṛa wi da dd yusin yaṛẓem dayem aqemmum.,"O onze bruid, met haar twee riemen,","38,43",,,,
dayem,dayem,2,ONBEKEND,maṛṛa wi da dd yusin yaṛẓem dayem aqemmum.,"O onze bruid, met haar twee riemen,","38,43",,,,
iḍeḥḥec,iḍeḥḥec,2,ONBEKEND,yeysi dd muřay nneɣ x tɣaṛṛabutt iḍeḥḥec.,"O onze bruid, met haar twee riemen,","38,42",,,,
ikessi,ikessi,2,ONBEKEND,"A ya muřay nneɣ řkabus war t ikessi,","O onze bruid, met haar twee riemen,",38,,,,
nenwi,nenwi,2,ONBEKEND,"A ya muřay nneɣ war nenwi manaya,","O onze bruid, met haar twee riemen,",38,,,,
řeḥwed,řeḥwed,2,ONBEKEND,"A tiḥramin nneɣ a řeḥwed n lleccin,","O onze bruidegom die twee winkels heeft,",39,,,,
ṣṣḥab,ṣṣḥab,2,ONBEKEND,"A ssalam uɛlikum a ṣṣḥab jjihett a,","Salam ulaykum, o mensen aan deze kant,",40,,,,
jjihett,jjihett,2,ONBEKEND,"A ssalam uɛlikum a ṣṣḥab jjihett a,","Salam ulaykum, o mensen aan deze kant,",40,,,,
yinni,yinni,2,ONBEKEND,urar n useggwas a ḥsen zegg yinni yeɛdun.,"Salam ulaykum, o mensen aan deze kant,","40,48",,,,
aɣeddu,aɣeddu,2,ONBEKEND,"A ya muřay nneɣ ay aɣeddu n nnwaṛ,","O onze bruidegom, o bloemstengel,","41,42",,,,
řḥewḍ,řḥewḍ,2,ONBEKEND,"A tiḥṛamin nneɣ kkint idd řḥewḍ n lleccin,","O gerespecteerde bruid, o snoepje dat een miljoen kost,",43,,,,
tiṭṭawin,tiṭṭawin,2,ONBEKEND,"A ya muřay nneɣ a tiṭṭawin n uyur,","O gerespecteerde bruid, o snoepje dat een miljoen kost,",43,,,,
dehcen,dehcen,2,ONBEKEND,"Muřay igga urar dehcen dd yiwdan ssa,","O gerespecteerde bruid, o snoepje dat een miljoen kost,",43,,,,
ařami,ařami,2,ONBEKEND,dehcen ařami ufin imřec zi lḥusima.,"O gerespecteerde bruid, o snoepje dat een miljoen kost,","43,44",,,,
suyetma,suyetma,2,ONBEKEND,"A tasřit teqqaṛ as a suyetma rubiɣ,","De bruidegom spreekt zonder op te scheppen,",44,,,,
mkuř,mkuř,2,ONBEKEND,"Sebɛa n timsayasin mkuř icten d aṛcem nnes,","Het einde van de autoweg is bereikt,",45,,,,
aɣaṛṛabu,aɣaṛṛabu,2,ONBEKEND,a yawařen n yiwdan qeřben aɣaṛṛabu.,"Het einde van de autoweg is bereikt,","45,46",,,,
nejj,nejj,2,ONBEKEND,"Yenna as a tt nejj war tt ntiwi,","Het geroddel van de mensen doet boten kapseizen,",46,,,,
imcumen,imcumen,2,ONBEKEND,Imcumen a icekkamen ugin a din wḍan.,"Het geroddel van de mensen doet boten kapseizen,","46,49",,,,
temted,temted,2,ONBEKEND,aqa ɛad a temted ad tinid semḥ ayi.,"Het geroddel van de mensen doet boten kapseizen,",46,,,,
yennuqaṛ,yennuqaṛ,2,ONBEKEND,"Taddart n mami ynu yennuqaṛ as dd ufiɣař,","Het huis van mijn lief is omringd door slangen,",48,,,,
yennan,yennan,2,ONBEKEND,am wen yennan řxar am wen yennan řɛib.,"Het huis van mijn lief is omringd door slangen,",48,,,,
iɛeffanen,iɛeffanen,2,ONBEKEND,Iwdan d iɛeffanen ḥda qbeř ma a tejra,"Het huis van mijn lief is omringd door slangen,",48,,,,

"=== SECTIE 3: VERVOEGDE VORMEN (freq>=2, len>=4) ==="
(Waarschijnlijk verbaalvormen — alleen toevoegen als je de basisvorm ook toevoegt)
tasřit,tasřit,33,VERVOEGDE VORM,Řalla tasřit nneɣ mayemmi tetru yemma-m?,"O onze bruid, waarom huilt je moeder?","25,27,28,32,35",,,,
taɣennant,taɣennant,8,VERVOEGDE VORM,inna ayi gg it degg fus nnem d taɣennant i muṛu.,"Ik kan de slaap niet vatten, ben verslaafd aan cocaїne,","7,8,17,21,34",,,,
dewřeɣ,dewřeɣ,5,VERVOEGDE VORM,"A ya řalla yemma dewřeɣ am lhawa,","Reik me jouw hand, ik hoop op een verbintenis","1,4,17,21",,,,
raḥeɣ,raḥeɣ,5,VERVOEGDE VORM,ttaksi i di ɣa raḥeɣ uyac a tenneqřeb.,"Ik kan de slaap niet vatten, ben verslaafd aan cocaїne,","7,9,11,47",,,,
qqimeɣ,qqimeɣ,5,VERVOEGDE VORM,"Ad raḥeɣ ad qqimeɣ mani yetɣima netta,","Ik ga zitten waar hij altijd zit,","9,11,47",,,,
awyeɣ,awyeɣ,4,VERVOEGDE VORM,jjent ayi a t awyeɣ a t arreɣ d akidar.,"Mijn hart verlangde naar je en ik had het niet kunnen dromen,","4,15,23",,,,
nnant,nnant,3,VERVOEGDE VORM,"Ɛeyybent ayi llif nnant ayi d aḥidar,","Mijn hart verlangde naar je en ik had het niet kunnen dromen,","4,17",,,,
arreɣ,arreɣ,3,VERVOEGDE VORM,jjent ayi a t awyeɣ a t arreɣ d akidar.,"Mijn hart verlangde naar je en ik had het niet kunnen dromen,","4,30",,,,
sseqsiɣ,sseqsiɣ,3,VERVOEGDE VORM,"Sseqsiɣ tet x umuni tenna ayi war zemmareɣ,","Ik vroeg haar verkering, zij zei: ik kan niet.","6,19",,,,
txadent,txadent,3,VERVOEGDE VORM,"Yewc ayi txadent d tazdat am ufiřu,","Ik kan de slaap niet vatten, ben verslaafd aan cocaїne,","7,8,36",,,,
ttruɣ,ttruɣ,3,VERVOEGDE VORM,"Min nniɣ war ttruɣ seɛɛa yessru y ayi,","Ik wilde niet huilen, maar toch liet hij me huilen,",14,,,,
thellaleɣ,thellaleɣ,3,VERVOEGDE VORM,"Kkareɣ thellaleɣ thellaleɣ i yetran,","Kom maar langs liefje en schroom niet,",16,,,,
ṛaḥeɣ,ṛaḥeɣ,3,VERVOEGDE VORM,"Ad ṛaḥeɣ ad sseqsiɣ ṭṭařeb di wejda,",Ik ga het aan een Koranstudent in Oujda vragen:,"19,47",,,,
irareɣ,irareɣ,3,VERVOEGDE VORM,"War dd usiɣ ad irareɣ s mya uřa s mitayen,",Bij God wat hebben we gegeten en gedronken.,"26,49",,,,
ɣenjent,ɣenjent,3,VERVOEGDE VORM,ɣenjent uca ɣenjent ḷḷah yenɛer temẓi.,"Allal zoon van Boumdian, hij verdient het te werken,","31,33",,,,
tesřit,tesřit,3,VERVOEGDE VORM,awyent idd x tesřit x ccejjaṛt n tteffaḥ.,"Een Mercedes 250, versierd met bloemetjes,","33,44",,,,
eyybent,eyybent,2,VERVOEGDE VORM,"Ɛeyybent ayi llif nnant ayi d aḥidar,","Mijn hart verlangde naar je en ik had het niet kunnen dromen,",4,,,,
jjent,jjent,2,VERVOEGDE VORM,jjent ayi a t awyeɣ a t arreɣ d akidar.,"Mijn hart verlangde naar je en ik had het niet kunnen dromen,",4,,,,
tameẓyant,tameẓyant,2,VERVOEGDE VORM,"Subiḥa tameẓyant tehwa dd a tayem,","Houd op met huilen, niemand gelooft je,","5,30",,,,
qebřeɣ,qebřeɣ,2,VERVOEGDE VORM,min ɣa yegg aṛebbi necc a zzayes qebřeɣ.,"Ik vroeg haar verkering, zij zei: ik kan niet.","6,13",,,,
seřɛet,seřɛet,2,VERVOEGDE VORM,"A seřɛet x yejdi uř inu itarjiji,","Ik vroeg haar verkering, zij zei: ik kan niet.","6,11",,,,
ruḥeɣ,ruḥeɣ,2,VERVOEGDE VORM,a ya řalla yemma ruḥeɣ dayes d asizi.,"Ik vroeg haar verkering, zij zei: ik kan niet.","6,9",,,,
cemḍeɣ,cemḍeɣ,2,VERVOEGDE VORM,A yemma ma d wa d lḥub i xef cemḍeɣ deɛqeɣ?,"Hij gaf me een ring zo smal als een doorn,","8,17",,,,
deɛqeɣ,deɛqeɣ,2,VERVOEGDE VORM,A yemma ma d wa d lḥub i xef cemḍeɣ deɛqeɣ?,"Hij gaf me een ring zo smal als een doorn,","8,17",,,,
iwiyeɣ,iwiyeɣ,2,VERVOEGDE VORM,a yazufri n ḍḍcar weḷḷah war cek iwiyeɣ.,"O mijn haren die worden meegenomen in de broekzakken,","10,22",,,,
ayarent,ayarent,2,VERVOEGDE VORM,"Ɛayarent ayi teḥramin s lḥubb d aɛezri,","Als je een jurk om mijn lijf was,","13,16",,,,
waḥit,waḥit,2,VERVOEGDE VORM,"A Mamuc taḥellut řqa ayi dd ɣar waḥit,","Ik wilde niet huilen, maar toch liet hij me huilen,",14,,,,
temmet,temmet,2,VERVOEGDE VORM,basura a temmet lḥubb nneɣ a yarni.,"Kom maar langs liefje en schroom niet,","16,40",,,,
beddeɣ,beddeɣ,2,VERVOEGDE VORM,"Beddeɣ di tewwaṛt yenna ayi dd a mnwaḍar,","Kom maar langs liefje en schroom niet,","16,19",,,,
řaɣiɣ,řaɣiɣ,2,VERVOEGDE VORM,"Beddeɣ di tewwařt řaɣiɣ ɣar miḍar,",Ik ga het aan een Koranstudent in Oujda vragen:,19,,,,
qqneɣ,qqneɣ,2,VERVOEGDE VORM,"Yeqqs ayi uzedjif qqneɣ as řɛamaṛ,",Ik ga het aan een Koranstudent in Oujda vragen:,19,,,,
tamcunt,tamcunt,2,VERVOEGDE VORM,tamcunt n mecciki texs ayi tawi ɛumaṛ.,Ik ga het aan een Koranstudent in Oujda vragen:,19,,,,
qqḍeɣ,qqḍeɣ,2,VERVOEGDE VORM,řebɛad n yiwdan ad asen qqḍeɣ lisanes.,"Nou mijn lieve schat, je doet wat je wilt,",20,,,,
ḥenceɣ,ḥenceɣ,2,VERVOEGDE VORM,"A řalla tamziyda ad am ḥenceɣ ttaṛf,","De voorspelling van de heiligen doet mij niets,","23,47",,,,
tasrit,tasrit,2,VERVOEGDE VORM,"Řalla tasrit nneɣ teqqim di řemraḥ,","O onze bruid, waarom huilt je moeder?","25,36",,,,
řehdeyyet,řehdeyyet,2,VERVOEGDE VORM,"Iwyent am dd řehdeyyet yessi-s n uḍewwaṛ,","Een Mercedes 250, versierd met bloemetjes,",33,,,,
