"Berbers","Nederlands","niveau","woordsoort","anki_tag"
"bu","(ontkennend partikel), dus bvb hij kan geen tmazight","B2","ontk","tarifit::cefr::B2 tarifit::woordsoort::ontk"
"Ḍuru","0,5 dirham (munt)","B1","ww","tarifit::cefr::B1 tarifit::woordsoort::ww"
"i / ɣaa","Aan (Naar)","A1","vz","tarifit::cefr::A1 tarifit::woordsoort::vz"
"umi","aan wie","C1","vraagw","tarifit::cefr::C1 tarifit::woordsoort::vraagw"
"Ɛbed","aanbidden","B1","ww","tarifit::cefr::B1 tarifit::woordsoort::ww"
"ḥraq / cmeḏ","Aanbranden","B1","ww","tarifit::cefr::B1 tarifit::woordsoort::ww"
"aweḏ","aankomen","B1","ww","tarifit::cefr::B1 tarifit::woordsoort::ww"
"ḇarreḥ","aankondigen","B2","ww","tarifit::cefr::B2 tarifit::woordsoort::ww"
"Arrima","Aanmeren","B2","ww","tarifit::cefr::B2 tarifit::woordsoort::ww"
"Aremmas","Aannemer","B2","znw_m_ev","tarifit::cefr::B2 tarifit::woordsoort::znw_m_ev"
"ḥaḏa","aanraken","B1","ww","tarifit::cefr::B1 tarifit::woordsoort::ww"
"llaḇaḇu","het aanrecht","B2","znw_m_ev","tarifit::cefr::B2 tarifit::woordsoort::znw_m_ev"
"Dekk","Aanstampen/pletten","B1","ww","tarifit::cefr::B1 tarifit::woordsoort::ww"
"ssiɣ / ccel","aansteken","B1","ww","tarifit::cefr::B1 tarifit::woordsoort::ww"
"Sbeyyen","Aantonen","B2","ww","tarifit::cefr::B2 tarifit::woordsoort::ww"
"iaḏ","aantrekken","B1","ww","tarifit::cefr::B1 tarifit::woordsoort::ww"
"ḥarek / hǧem","de aanval","B1","znw","tarifit::cefr::B1 tarifit::woordsoort::znw"
"rqaḏ","de aap","B1","znw","tarifit::cefr::B1 tarifit::woordsoort::znw"
"baṭaṭa","aardappel (collectief)","B2","ww","tarifit::cefr::B2 tarifit::woordsoort::ww"
"anhezzi n ṯmurṯ/zzinzal","Aardbeving","B2","znw_m_ev","tarifit::cefr::B2 tarifit::woordsoort::znw_m_ev"
"ṯammurṯ","Aarde (Grond)","B2","znw_v_ev","tarifit::cefr::B2 tarifit::woordsoort::znw_v_ev"
"ḍḍrif","Aardig","B2","ww","tarifit::cefr::B2 tarifit::woordsoort::ww"
"Amešmaš","Abrikoos","B2","znw_m_ev","tarifit::cefr::B2 tarifit::woordsoort::znw_m_ev"
"qaɛ","Absoluut, totaal, geheel","C1","ww","tarifit::cefr::C1 tarifit::woordsoort::ww"
"qbeř","accepteren","C1","vz","tarifit::cefr::C1 tarifit::woordsoort::vz"
"ṯmenya","acht","A1","telw","tarifit::cefr::A1 tarifit::woordsoort::telw"
"deffaṛ / awaṛn (i)","achter","B2","znw_m_ev","tarifit::cefr::B2 tarifit::woordsoort::znw_m_ev"
"aɛrua","de achterkant","B2","znw_m_ev","tarifit::cefr::B2 tarifit::woordsoort::znw_m_ev"
"Takniyet","Achternaam","C1","ww","tarifit::cefr::C1 tarifit::woordsoort::ww"
"t̲mentac","achttien","C1","ww","tarifit::cefr::C1 tarifit::woordsoort::ww"
"Asegbar","Acteur","B2","znw_m_ev","tarifit::cefr::B2 tarifit::woordsoort::znw_m_ev"
"Anawar","Activiteit","B2","znw_m_ev","tarifit::cefr::B2 tarifit::woordsoort::znw_m_ev"
"Ayidar/faču","Adelaar","B1","znw_m_ev","tarifit::cefr::B1 tarifit::woordsoort::znw_m_ev"
"arr nnefs","ademen","C1","ww","tarifit::cefr::C1 tarifit::woordsoort::ww"
"azwaa","de ader of slagader","B2","znw_m_ev","tarifit::cefr::B2 tarifit::woordsoort::znw_m_ev"
"landris","adres","B2","ww","tarifit::cefr::B2 tarifit::woordsoort::ww"
"Wṣṣa","Adviseren/opdragen","B1","ww","tarifit::cefr::B1 tarifit::woordsoort::ww"
"Amastan/abugadu","Advocaat","B2","znw_m_ev","tarifit::cefr::B2 tarifit::woordsoort::znw_m_ev"
"Qḍew","Afbreken (draad)","B1","ww","tarifit::cefr::B1 tarifit::woordsoort::ww"
"sizeɣ","Afdrogen","B2","ww","tarifit::cefr::B2 tarifit::woordsoort::ww"
"qḍa","afgemaakt zijn (eten), dun worden","B1","ww","tarifit::cefr::B1 tarifit::woordsoort::ww"
"lasnam","Afgod","B2","ww","tarifit::cefr::B2 tarifit::woordsoort::ww"
"aḏḏar","Afgrond (klif)","B2","znw_m_ev","tarifit::cefr::B2 tarifit::woordsoort::znw_m_ev"
"Bared","Afkoelen","B2","ww","tarifit::cefr::B2 tarifit::woordsoort::ww"
"kemmeř","afmaken","B2","ww","tarifit::cefr::B2 tarifit::woordsoort::ww"
"awaṛ","Afspraak","B1","znw_m_ev","tarifit::cefr::B1 tarifit::woordsoort::znw_m_ev"
"lmasafa / lbuɛḏ","afstand","B2","ww","tarifit::cefr::B2 tarifit::woordsoort::ww"
"ḍḍaa","afstappen, uitstappen","B1","ww","tarifit::cefr::B1 tarifit::woordsoort::ww"
"Neffeḍ","Afstoffen/uitschudden","B2","ww","tarifit::cefr::B2 tarifit::woordsoort::ww"
"afṛaḏ","Afval","B2","znw_m_ev","tarifit::cefr::B2 tarifit::woordsoort::znw_m_ev"
"mseḥ / Sfaḍ","Afvegen/wissen","B1","ww","tarifit::cefr::B1 tarifit::woordsoort::ww"
"syaḏ ṛeqcuɛ","(de spullen) afwassen","C2","znw","tarifit::cefr::C2 tarifit::woordsoort::znw"
"waḥḏi/waha","Alleen (zichzelf)","B1","ww","tarifit::cefr::B1 tarifit::woordsoort::ww"
"t̲aak","alleen laten (+ IO)","B2","ww","tarifit::cefr::B2 tarifit::woordsoort::ww"
"kuřci","Alles","B2","ww","tarifit::cefr::B2 tarifit::woordsoort::ww"
"mařa","als","C1","ww","tarifit::cefr::C1 tarifit::woordsoort::ww"
"zeɛma","als het ware, zogezegd","C2","znw","tarifit::cefr::C2 tarifit::woordsoort::znw"
"ɛafak","Alstublieft","B2","ww","tarifit::cefr::B2 tarifit::woordsoort::ww"
"řeḇḏa","Altijd","B2","ww","tarifit::cefr::B2 tarifit::woordsoort::ww"
"lambulans","Ambulance","C1","ww","tarifit::cefr::C1 tarifit::woordsoort::ww"
"amin","Amen","B1","ww","tarifit::cefr::B1 tarifit::woordsoort::ww"
"nneɣni","ander","C1","ww","tarifit::cefr::C1 tarifit::woordsoort::ww"
"t̲acna","andere vrouw van dezelfde man","B2","ww","tarifit::cefr::B2 tarifit::woordsoort::ww"
"ṯiggwḏi / ṯiwḏi","Angst","B2","znw_v_mv","tarifit::cefr::B2 tarifit::woordsoort::znw_v_mv"
"kartpustal","de ansichtkaart","C1","znw","tarifit::cefr::C1 tarifit::woordsoort::znw"
"arr","antwoorden","B1","ww","tarifit::cefr::B1 tarifit::woordsoort::ww"
"apatci","Apache helikopter","B2","znw_m_ev","tarifit::cefr::B2 tarifit::woordsoort::znw_m_ev"
"farmaɛia","Apotheek","C1","ww","tarifit::cefr::C1 tarifit::woordsoort::ww"
"ṯteffaḥ","Appel","B2","ww","tarifit::cefr::B2 tarifit::woordsoort::ww"
"leccin","Appelsien","B2","ww","tarifit::cefr::B2 tarifit::woordsoort::ww"
"aɛrab","Arabier (M)","B2","znw_m_ev","tarifit::cefr::B2 tarifit::woordsoort::znw_m_ev"
"t̲aɛrabt̲","Arabische (vrouw, taal)","C1","ww","tarifit::cefr::C1 tarifit::woordsoort::ww"
"axeddam","Arbeider / bediende","B2","znw_m_ev","tarifit::cefr::B2 tarifit::woordsoort::znw_m_ev"
"faacu","de arend","B2","znw","tarifit::cefr::B2 tarifit::woordsoort::znw"
"ɣiř","Arm","B1","ww","tarifit::cefr::B1 tarifit::woordsoort::ww"
"faṛṛey","arm zijn","B2","ww","tarifit::cefr::B2 tarifit::woordsoort::ww"
"ṯameqyasṯ","de armband","C1","znw_v_ev","tarifit::cefr::C1 tarifit::woordsoort::znw_v_ev"
"meskin","arme stakker (medelijden)","B2","ww","tarifit::cefr::B2 tarifit::woordsoort::ww"
"aḏḇiḇ","de arts","B2","znw_m_ev","tarifit::cefr::B2 tarifit::woordsoort::znw_m_ev"
"iɣɣeḏ","As","B2","znw_m_mv","tarifit::cefr::B2 tarifit::woordsoort::znw_m_mv"
"laspirin","Aspirine","C1","ww","tarifit::cefr::C1 tarifit::woordsoort::ww"
"cehaṛ n ṯmenya","Augustus","C2","ww","tarifit::cefr::C2 tarifit::woordsoort::ww"
"ttumubin","auto","C1","ww","tarifit::cefr::C1 tarifit::woordsoort::ww"
"mikaniku","automonteur","C1","ww","tarifit::cefr::C1 tarifit::woordsoort::ww"
"ṯameddiṯ","avond","B2","znw_v_ev","tarifit::cefr::B2 tarifit::woordsoort::znw_v_ev"
"amensi","avondmaal / Avondeten","B2","znw_m_ev","tarifit::cefr::B2 tarifit::woordsoort::znw_m_ev"
"ṯmaaṯ","baard","B2","ww","tarifit::cefr::B2 tarifit::woordsoort::ww"
"lwelda","baarmoeder","B2","ww","tarifit::cefr::B2 tarifit::woordsoort::ww"
"paṭrun","baas, manager","B2","ww","tarifit::cefr::B2 tarifit::woordsoort::ww"
"aseymi","baby","B2","znw_m_ev","tarifit::cefr::B2 tarifit::woordsoort::znw_m_ev"
"duṯca/hamam","Badkamer","B2","ww","tarifit::cefr::B2 tarifit::woordsoort::ww"
"ggw","bakken","B1","ww","tarifit::cefr::B1 tarifit::woordsoort::ww"
"afarran","Bakker","B2","znw_m_ev","tarifit::cefr::B2 tarifit::woordsoort::znw_m_ev"
"llažua","baksteen (collectief)","B2","ww","tarifit::cefr::B2 tarifit::woordsoort::ww"
"ṯcamma","Bal","B2","ww","tarifit::cefr::B2 tarifit::woordsoort::ww"
"ṯaḥnacṯ","de balk","B2","znw_v_ev","tarifit::cefr::B2 tarifit::woordsoort::znw_v_ev"
"baṛkun","Balkon","B2","ww","tarifit::cefr::B2 tarifit::woordsoort::ww"
"ɣanim","bamboe","B2","ww","tarifit::cefr::B2 tarifit::woordsoort::ww"
"lbanan","Banaan","B2","ww","tarifit::cefr::B2 tarifit::woordsoort::ww"
"ṯažarṛarṯ","Band (auto)","C1","znw_v_ev","tarifit::cefr::C1 tarifit::woordsoort::znw_v_ev"
"ggweḏ","Bang (ww)","B2","ww","tarifit::cefr::B2 tarifit::woordsoort::ww"
"řbanku","bank","B2","ww","tarifit::cefr::B2 tarifit::woordsoort::ww"
"řmeǧmaa","barbecue","B2","ww","tarifit::cefr::B2 tarifit::woordsoort::ww"
"ḍḏsas","Basis","B2","ww","tarifit::cefr::B2 tarifit::woordsoort::ww"
"qama","bed","C1","ww","tarifit::cefr::C1 tarifit::woordsoort::ww"
"ɛafak / cukran","Bedankt","A2","ww","tarifit::cefr::A2 tarifit::woordsoort::ww"
"ḏeř","bedekken","B1","ww","tarifit::cefr::B1 tarifit::woordsoort::ww"
"amesɛi","Bedelaar","B2","znw_m_ev","tarifit::cefr::B2 tarifit::woordsoort::znw_m_ev"
"ssexṣaa","bederven","B2","ww","tarifit::cefr::B2 tarifit::woordsoort::ww"
"řɣaraḏ","de bedoeling","B2","znw","tarifit::cefr::B2 tarifit::woordsoort::znw"
"hudd","bedreigen","B1","ww","tarifit::cefr::B1 tarifit::woordsoort::ww"
"ccarika","bedrijf","B2","ww","tarifit::cefr::B2 tarifit::woordsoort::ww"
"aɣarri","het bedrog","B2","znw_m_ev","tarifit::cefr::B2 tarifit::woordsoort::znw_m_ev"
"ḏaa","Been","B1","ww","tarifit::cefr::B1 tarifit::woordsoort::ww"
"ddubb","beer","B2","ww","tarifit::cefr::B2 tarifit::woordsoort::ww"
"řweḥc / abaɛoc","Beest","B2","znw_m_ev","tarifit::cefr::B2 tarifit::woordsoort::znw_m_ev"
"cway","een beetje (~ cwayt̲)","B1","znw","tarifit::cefr::B1 tarifit::woordsoort::znw"
"hḏa","begeleiden (religieus), grazen","B1","ww","tarifit::cefr::B1 tarifit::woordsoort::ww"
"ḇeddu","het begin","B2","znw","tarifit::cefr::B2 tarifit::woordsoort::znw"
"ḇḏa","beginnen","B1","ww","tarifit::cefr::B1 tarifit::woordsoort::ww"
"ndeř","begraven","B1","ww","tarifit::cefr::B1 tarifit::woordsoort::ww"
"ḥedd","begrenzen","B2","ww","tarifit::cefr::B2 tarifit::woordsoort::ww"
"fhem","begrijpen","B1","ww","tarifit::cefr::B1 tarifit::woordsoort::ww"
"sedǧem","Begroeten","B2","ww","tarifit::cefr::B2 tarifit::woordsoort::ww"
"mbra","Behalve","B1","ww","tarifit::cefr::B1 tarifit::woordsoort::ww"
"ḥḏaǧ","de behoefte","B1","znw","tarifit::cefr::B1 tarifit::woordsoort::znw"
"isawen","Behulpzaam","B2","znw_m_mv","tarifit::cefr::B2 tarifit::woordsoort::znw_m_mv"
"s ṯnayn","Beide","B2","ww","tarifit::cefr::B2 tarifit::woordsoort::ww"
"ṯřima","de beitel","B2","znw","tarifit::cefr::B2 tarifit::woordsoort::znw"
"iṯwassen / meɛruf","bekend","B2","znw_m_mv","tarifit::cefr::B2 tarifit::woordsoort::znw_m_mv"
"aniyna","Bel","B2","znw_m_ev","tarifit::cefr::B2 tarifit::woordsoort::znw_m_ev"
"muhimm","Belangrijk","B2","ww","tarifit::cefr::B2 tarifit::woordsoort::ww"
"ddariḇa","Belasting","B2","ww","tarifit::cefr::B2 tarifit::woordsoort::ww"
"kkʷua / sayer","beledigen, uitschelden","B2","ww","tarifit::cefr::B2 tarifit::woordsoort::ww"
"laḏab","beleefdheid","B2","ww","tarifit::cefr::B2 tarifit::woordsoort::ww"
"Bilǧik","België","B2","ww","tarifit::cefr::B2 tarifit::woordsoort::ww"
"semma","bellen","B2","ww","tarifit::cefr::B2 tarifit::woordsoort::ww"
"ɛaheḏ / qaweṛ","beloven","B2","ww","tarifit::cefr::B2 tarifit::woordsoort::ww"
"lisans","Benzine","B2","ww","tarifit::cefr::B2 tarifit::woordsoort::ww"
"maziɣ","Berber (M)","B2","ww","tarifit::cefr::B2 tarifit::woordsoort::ww"
"sewǧeḏ","Bereiden","B2","ww","tarifit::cefr::B2 tarifit::woordsoort::ww"
"aḏraa","berg","B2","znw_m_ev","tarifit::cefr::B2 tarifit::woordsoort::znw_m_ev"
"ṯizi","Bergpas (vallei), de vallei","B1","znw_v_mv","tarifit::cefr::B1 tarifit::woordsoort::znw_v_mv"
"ḥaseb","berispen, straffen","B2","ww","tarifit::cefr::B2 tarifit::woordsoort::ww"
"tub","berouw hebben","B1","ww","tarifit::cefr::B1 tarifit::woordsoort::ww"
"ḏarr","beschadigen","B1","ww","tarifit::cefr::B1 tarifit::woordsoort::ww"
"amesṯen","Bescherming","B2","znw_m_ev","tarifit::cefr::B2 tarifit::woordsoort::znw_m_ev"
"gg imi ḏi","beschuldigen","C1","ww","tarifit::cefr::C1 tarifit::woordsoort::ww"
"imexṯan","de besnijdenis","B2","znw_m_mv","tarifit::cefr::B2 tarifit::woordsoort::znw_m_mv"
"iṛi","Bestaan (Hebben)","B1","znw_m_mv","tarifit::cefr::B1 tarifit::woordsoort::znw_m_mv"
"mxeyyaa","het beste","B2","znw","tarifit::cefr::B2 tarifit::woordsoort::znw"
"aneḏḏah","Bestuurder","B2","znw_m_ev","tarifit::cefr::B2 tarifit::woordsoort::znw_m_ev"
"xedǧes'","betalen","B2","ww","tarifit::cefr::B2 tarifit::woordsoort::ww"
"aɛna","Betekenen","B1","ww","tarifit::cefr::B1 tarifit::woordsoort::ww"
"ḥsen","Beter","B1","ww","tarifit::cefr::B1 tarifit::woordsoort::ww"
"fḏeř","beter zijn","B1","ww","tarifit::cefr::B1 tarifit::woordsoort::ww"
"aɛǧeb","Bevallen (leuk vinden)","B2","ww","tarifit::cefr::B2 tarifit::woordsoort::ww"
"amaa","bevelen","B1","ww","tarifit::cefr::B1 tarifit::woordsoort::ww"
"ǧmeḏ","bevriezen","B1","ww","tarifit::cefr::B1 tarifit::woordsoort::ww"
"ḏřeq / fekk","bevrijden, oplossen","B1","ww","tarifit::cefr::B1 tarifit::woordsoort::ww"
"ɛess","bewaken, in 't oog houden","B1","ww","tarifit::cefr::B1 tarifit::woordsoort::ww"
"aɛessas","de bewaker","B2","znw_m_ev","tarifit::cefr::B2 tarifit::woordsoort::znw_m_ev"
"xemmeř","bewaren, sparen","B2","ww","tarifit::cefr::B2 tarifit::woordsoort::ww"
"smutti","bewegen","B2","ww","tarifit::cefr::B2 tarifit::woordsoort::ww"
"ṯameḏwasṯ","Bezem","C1","znw_v_ev","tarifit::cefr::C1 tarifit::woordsoort::znw_v_ev"
"llaḥa","Bezig","B2","ww","tarifit::cefr::B2 tarifit::woordsoort::ww"
"řḥa","bezig zijn","B1","ww","tarifit::cefr::B1 tarifit::woordsoort::ww"
"ccɣeṛ","Bezigheid","B2","ww","tarifit::cefr::B2 tarifit::woordsoort::ww"
"lmal / agṛa","bezit","B1","znw_m_ev","tarifit::cefr::B1 tarifit::woordsoort::znw_m_ev"
"anewǧew","Bezoek","B2","znw_m_ev","tarifit::cefr::B2 tarifit::woordsoort::znw_m_ev"
"anewǧi","bezoeker, gast","B2","znw_m_ev","tarifit::cefr::B2 tarifit::woordsoort::znw_m_ev"
"amnus","bezorgdheid","B2","znw_m_ev","tarifit::cefr::B2 tarifit::woordsoort::znw_m_ev"
"aržiži","Bibberen","B2","ww","tarifit::cefr::B2 tarifit::woordsoort::ww"
"lmakṯaba","Bibliotheek","C1","ww","tarifit::cefr::C1 tarifit::woordsoort::ww"
"zzadǧ","bidden","B2","ww","tarifit::cefr::B2 tarifit::woordsoort::ww"
"ḇirra","Bier","B2","ww","tarifit::cefr::B2 tarifit::woordsoort::ww"
"ṯazizwiṯ","Bij (insect)","C1","znw_v_ev","tarifit::cefr::C1 tarifit::woordsoort::znw_v_ev"
"welleh","bij God","B2","ww","tarifit::cefr::B2 tarifit::woordsoort::ww"
"ṯaɣrasṯ","de bijenkorf","B2","znw_v_ev","tarifit::cefr::B2 tarifit::woordsoort::znw_v_ev"
"ccaqua'","Bijl","B2","ww","tarifit::cefr::B2 tarifit::woordsoort::ww"
"ɛṛahaṛ / ggua","bijna","B1","ww","tarifit::cefr::B1 tarifit::woordsoort::ww"
"zɛef","bijten","B1","ww","tarifit::cefr::B1 tarifit::woordsoort::ww"
"maṯalan","Bijvoorbeeld","B2","ww","tarifit::cefr::B2 tarifit::woordsoort::ww"
"ǧuffiḏ","de billen","B2","znw","tarifit::cefr::B2 tarifit::woordsoort::znw"
"dixer","binnen","B2","ww","tarifit::cefr::B2 tarifit::woordsoort::ww"
"aḏef","binnengaan / binnenkomen","B1","znw_m_ev","tarifit::cefr::B1 tarifit::woordsoort::znw_m_ev"
"ḏeɣya","binnenkort","B2","ww","tarifit::cefr::B2 tarifit::woordsoort::ww"
"ssidef","binnenlaten, naar binnen brengen","C2","ww","tarifit::cefr::C2 tarifit::woordsoort::ww"
"řemraḥ","de binnenplaats","B2","znw","tarifit::cefr::B2 tarifit::woordsoort::znw"
"sinima","Bioscoop","B2","ww","tarifit::cefr::B2 tarifit::woordsoort::ww"
"amaazag","bitter","B2","znw_m_ev","tarifit::cefr::B2 tarifit::woordsoort::znw_m_ev"
"ṯaaffixṯ","de blaar","C1","znw_v_ev","tarifit::cefr::C1 tarifit::woordsoort::znw_v_ev"
"t̲icti","blaas, klap","B2","ww","tarifit::cefr::B2 tarifit::woordsoort::ww"
"ṯawriqṯ / ṛciǦeḏ / ṯifaacṯ","Blad (papier)","B2","znw_v_ev","tarifit::cefr::B2 tarifit::woordsoort::znw_v_ev"
"ṯifray","Bladeren","B2","ww","tarifit::cefr::B2 tarifit::woordsoort::ww"
"zu","blaffen (hond)","B1","ww","tarifit::cefr::B1 tarifit::woordsoort::ww"
"aziyza","blauw","B2","znw_m_ev","tarifit::cefr::B2 tarifit::woordsoort::znw_m_ev"
"ttaḇec","de blauwe plek","B2","znw","tarifit::cefr::B2 tarifit::woordsoort::znw"
"ssuḏ","blazen","B1","ww","tarifit::cefr::B1 tarifit::woordsoort::ww"